<?xml version="1.0" encoding="UTF-8"?>
<!-- Solr managed schema - automatically generated - DO NOT EDIT -->
<schema name="default-config" version="1.7">
  <uniqueKey>id</uniqueKey>
    <field name="_version_" indexed="true" stored="false" docValues="true" type="long" />
  <field name="body" type="text_en" omitNorms="true" storeOffsetsWithPositions="true" indexed="true" stored="true"/>
  <field name="extract" type="text_en" omitNorms="true" storeOffsetsWithPositions="true" indexed="true" stored="true"/>
  <field name="extractor" type="text_en"/>
  <field name="id" type="string" multiValued="false" indexed="true" required="true" stored="true"/>
  <field name="keys" type="text_en" omitNorms="true" storeOffsetsWithPositions="true" indexed="true" stored="true"/>
  <field name="summary" type="text_en" omitNorms="true" storeOffsetsWithPositions="true" indexed="true" stored="true"/>
  <field name="text" type="text_en" omitNorms="true" storeOffsetsWithPositions="true" indexed="true" stored="true"/>
  <field name="title" type="text_en" omitNorms="true" storeOffsetsWithPositions="true" indexed="true" stored="true"/>
  
          <fieldType name="int" class="solr.IntPointField" docValues="true"/>
        <fieldType name="float" class="solr.FloatPointField" docValues="true"/>
        <fieldType name="long" class="solr.LongPointField" docValues="true"/>
        <fieldType name="double" class="solr.DoublePointField" docValues="true"/>
        
<fieldType name="string" class="solr.StrField" sortMissingLast="true" />
        <fieldType class="solr.TextField" name="text_en" positionIncrementGap="100" omitNorms="true" autoGeneratePhraseQueries="true">
            <analyzer type="index">
                <charFilter class="solr.HTMLStripCharFilterFactory" />
                <tokenizer class="solr.WhitespaceTokenizerFactory"/>
                <filter class="solr.LowerCaseFilterFactory" />
                <filter class="solr.ASCIIFoldingFilterFactory" />
            </analyzer>
            <analyzer type="query">
                <tokenizer class="solr.WhitespaceTokenizerFactory" />
                <filter class="solr.LowerCaseFilterFactory" />
            </analyzer>
        </fieldType>
        
    <fieldType name="text_general" class="solr.TextField" positionIncrementGap="100">
            <analyzer type="index">
                <charFilter class="solr.HTMLStripCharFilterFactory" />
                <tokenizer class="solr.WhitespaceTokenizerFactory"/>
                <filter class="solr.LowerCaseFilterFactory" />
                <filter class="solr.ASCIIFoldingFilterFactory" />
            </analyzer>
            <analyzer type="query">
                <tokenizer class="solr.WhitespaceTokenizerFactory" />
                <filter class="solr.LowerCaseFilterFactory" />
            </analyzer>
        </fieldType>
        
            <fieldType name="boolean" class="solr.BoolField" sortMissingLast="true"/>
    <fieldType name="booleans" class="solr.BoolField" sortMissingLast="true" multiValued="true"/>
        <fieldType name="pdate" class="solr.DatePointField"/>
    <fieldType name="pdates" class="solr.DatePointField" multiValued="true"/>
        <fieldType name="pint" class="solr.IntPointField"/>
    <fieldType name="pfloat" class="solr.FloatPointField"/>
    <fieldType name="plong" class="solr.LongPointField"/>
    <fieldType name="pdouble" class="solr.DoublePointField"/>

    <fieldType name="pints" class="solr.IntPointField" multiValued="true"/>
    <fieldType name="pfloats" class="solr.FloatPointField" multiValued="true"/>
    <fieldType name="plongs" class="solr.LongPointField" multiValued="true"/>
    <fieldType name="pdoubles" class="solr.DoublePointField" multiValued="true"/>
    <fieldType name="random" class="solr.RandomSortField" indexed="true"/>
</schema>