<?xml version="1.0" encoding="UTF-8" ?>

<config>

  <luceneMatchVersion>9.11</luceneMatchVersion>


  <dataDir>${solr.data.dir:}</dataDir>
  <directoryFactory name="DirectoryFactory"
                    class="${solr.directoryFactory:solr.NRTCachingDirectoryFactory}"/>
  <codecFactory class="solr.SchemaCodecFactory"/>
  <indexConfig>
    <lockType>${solr.lock.type:native}</lockType>
  </indexConfig>
  
  <updateHandler class="solr.DirectUpdateHandler2">
    <updateLog>
      <str name="dir">${solr.ulog.dir:}</str>
    </updateLog>
    <autoCommit>
      <maxTime>${solr.autoCommit.maxTime:15000}</maxTime>
      <openSearcher>false</openSearcher>
    </autoCommit>

    <autoSoftCommit>
      <maxTime>${solr.autoSoftCommit.maxTime:3000}</maxTime>
    </autoSoftCommit>
  </updateHandler>

  <query>

    <maxBooleanClauses>${solr.max.booleanClauses:1024}</maxBooleanClauses>
    <minPrefixQueryTermLength>${solr.query.minPrefixLength:-1}</minPrefixQueryTermLength>
    <filterCache size="16"
                 initialSize="16"
                 autowarmCount="0"/>
    <queryResultCache size="0"
                      initialSize="0"
                      autowarmCount="0"/>
    <documentCache size="64"
                   initialSize="64"
                   autowarmCount="0"/>

    <!-- custom cache currently used by block join -->
    <cache name="perSegFilter"
           class="solr.CaffeineCache"
           size="10"
           initialSize="0"
           autowarmCount="10"
           regenerator="solr.NoOpRegenerator" />
    <enableLazyFieldLoading>true</enableLazyFieldLoading>
    <queryResultWindowSize>20</queryResultWindowSize>
    <queryResultMaxDocsCached>200</queryResultMaxDocsCached>
    <listener event="newSearcher" class="solr.QuerySenderListener">
      <arr name="queries">
        <!--
           <lst><str name="q">solr</str><str name="sort">price asc</str></lst>
           <lst><str name="q">rocks</str><str name="sort">weight asc</str></lst>
          -->
      </arr>
    </listener>
    <listener event="firstSearcher" class="solr.QuerySenderListener">
      <arr name="queries">
        <!--
        <lst>
          <str name="q">static firstSearcher warming in solrconfig.xml</str>
        </lst>
        -->
      </arr>
    </listener>
    <useColdSearcher>false</useColdSearcher>

  </query>

  <requestDispatcher>
    <httpCaching never304="true" />
  </requestDispatcher>
  <requestHandler name="/select" class="solr.SearchHandler">
    <lst name="defaults">
      <str name="q.op">OR</str>
      <str name="wt">xml</str>
      <str name="defType">edismax</str> 
      <str name="facet">true</str>
      <str name="qf">title^5 keys^2 summary extract text body</str>
      <str name="fl">id, title, body</str>
      <str name="echoParams">explicit</str>
      <int name="rows">20</int>
    </lst>
  </requestHandler>

  <searchComponent class="solr.HighlightComponent" name="highlight">
    <!-- note: the hl.method=unified highlighter is not configured here; it's completely configured
    via parameters.  The below configuration supports hl.method=original and fastVector. -->
    <highlighting>
      <!-- Configure the standard fragmenter -->
      <!-- This could most likely be commented out in the "default" case -->
      <fragmenter name="gap"
                  default="true"
                  class="solr.highlight.GapFragmenter">
        <lst name="defaults">
          <int name="hl.fragsize">100</int>
        </lst>
      </fragmenter>

      <!-- A regular-expression-based fragmenter
           (for sentence extraction)
        -->
      <fragmenter name="regex"
                  class="solr.highlight.RegexFragmenter">
        <lst name="defaults">
          <!-- slightly smaller fragsizes work better because of slop -->
          <int name="hl.fragsize">70</int>
          <!-- allow 50% slop on fragment sizes -->
          <float name="hl.regex.slop">0.5</float>
          <!-- a basic sentence pattern -->
          <str name="hl.regex.pattern">[-\w ,/\n\&quot;&apos;]{20,200}</str>
        </lst>
      </fragmenter>

      <!-- Configure the standard formatter -->
      <formatter name="html"
                 default="true"
                 class="solr.highlight.HtmlFormatter">
        <lst name="defaults">
          <str name="hl.simple.pre"><![CDATA[<em>]]></str>
          <str name="hl.simple.post"><![CDATA[</em>]]></str>
        </lst>
      </formatter>

      <!-- Configure the standard encoder -->
      <encoder name="html"
               class="solr.highlight.HtmlEncoder" />

      <!-- Configure the standard fragListBuilder -->
      <fragListBuilder name="simple"
                       class="solr.highlight.SimpleFragListBuilder"/>

      <!-- Configure the single fragListBuilder -->
      <fragListBuilder name="single"
                       class="solr.highlight.SingleFragListBuilder"/>

      <!-- Configure the weighted fragListBuilder -->
      <fragListBuilder name="weighted"
                       default="true"
                       class="solr.highlight.WeightedFragListBuilder"/>

      <!-- default tag FragmentsBuilder -->
      <fragmentsBuilder name="default"
                        default="true"
                        class="solr.highlight.ScoreOrderFragmentsBuilder">
        <!--
        <lst name="defaults">
          <str name="hl.multiValuedSeparatorChar">/</str>
        </lst>
        -->
      </fragmentsBuilder>

      <!-- multi-colored tag FragmentsBuilder -->
      <fragmentsBuilder name="colored"
                        class="solr.highlight.ScoreOrderFragmentsBuilder">
        <lst name="defaults">
          <str name="hl.tag.pre"><![CDATA[
               <b style="background:yellow">,<b style="background:lawgreen">,
               <b style="background:aquamarine">,<b style="background:magenta">,
               <b style="background:palegreen">,<b style="background:coral">,
               <b style="background:wheat">,<b style="background:khaki">,
               <b style="background:lime">,<b style="background:deepskyblue">]]></str>
          <str name="hl.tag.post"><![CDATA[</b>]]></str>
        </lst>
      </fragmentsBuilder>

      <boundaryScanner name="default"
                       default="true"
                       class="solr.highlight.SimpleBoundaryScanner">
        <lst name="defaults">
          <str name="hl.bs.maxScan">10</str>
          <str name="hl.bs.chars">.,!? &#9;&#10;&#13;</str>
        </lst>
      </boundaryScanner>

      <boundaryScanner name="breakIterator"
                       class="solr.highlight.BreakIteratorBoundaryScanner">
        <lst name="defaults">
          <!-- type should be one of CHARACTER, WORD(default), LINE and SENTENCE -->
          <str name="hl.bs.type">WORD</str>
          <!-- language and country are used when constructing Locale object.  -->
          <!-- And the Locale object will be used when getting instance of BreakIterator -->
          <str name="hl.bs.language">en</str>
          <str name="hl.bs.country">US</str>
        </lst>
      </boundaryScanner>
    </highlighting>
  </searchComponent>

  <updateProcessor class="solr.UUIDUpdateProcessorFactory" name="uuid"/>
  <updateProcessor class="solr.RemoveBlankFieldUpdateProcessorFactory" name="remove-blank"/>
  <updateProcessor class="solr.FieldNameMutatingUpdateProcessorFactory" name="field-name-mutating">
    <str name="pattern">[^\w-\.]</str>
    <str name="replacement">_</str>
  </updateProcessor>

  <updateProcessor class="solr.ParseBooleanFieldUpdateProcessorFactory" name="parse-boolean"/>
  <updateProcessor class="solr.ParseLongFieldUpdateProcessorFactory" name="parse-long"/>
  <updateProcessor class="solr.ParseDoubleFieldUpdateProcessorFactory" name="parse-double"/>
  <updateProcessor class="solr.ParseDateFieldUpdateProcessorFactory" name="parse-date">
    <arr name="format">
      <str>yyyy-MM-dd['T'[HH:mm[:ss[.SSS]][z</str>
      <str>yyyy-MM-dd['T'[HH:mm[:ss[,SSS]][z</str>
      <str>yyyy-MM-dd HH:mm[:ss[.SSS]][z</str>
      <str>yyyy-MM-dd HH:mm[:ss[,SSS]][z</str>
      <str>[EEE, ]dd MMM yyyy HH:mm[:ss] z</str>
      <str>EEEE, dd-MMM-yy HH:mm:ss z</str>
      <str>EEE MMM ppd HH:mm:ss [z ]yyyy</str>
    </arr>
  </updateProcessor>
  <updateProcessor class="solr.AddSchemaFieldsUpdateProcessorFactory" name="add-schema-fields">
    <lst name="typeMapping">
      <str name="valueClass">java.lang.String</str>
      <str name="fieldType">text_general</str>
      <lst name="copyField">
        <str name="dest">*_str</str>
        <int name="maxChars">256</int>
      </lst>
      <!-- Use as default mapping instead of defaultFieldType -->
      <bool name="default">true</bool>
    </lst>
    <lst name="typeMapping">
      <str name="valueClass">java.lang.Boolean</str>
      <str name="fieldType">booleans</str>
    </lst>
    <lst name="typeMapping">
      <str name="valueClass">java.util.Date</str>
      <str name="fieldType">pdates</str>
    </lst>
    <lst name="typeMapping">
      <str name="valueClass">java.lang.Long</str>
      <str name="valueClass">java.lang.Integer</str>
      <str name="fieldType">plongs</str>
    </lst>
    <lst name="typeMapping">
      <str name="valueClass">java.lang.Number</str>
      <str name="fieldType">pdoubles</str>
    </lst>
  </updateProcessor>
  
</config>
